size_category,avg_wall_time_s,avg_peak_rss
1,0.0442961440999909,72695603.2
2,0.1643885786500107,148623360.0
3,0.4849191089000101,282841088.0
